date,temp_max,temp_min,temp_avg,precip_mm,humidity,wind_speed,pressure
2020-01-01,21.3,8.1,16.2,0.0,54.0,11.0,1011.1
2020-01-02,17.1,12.1,15.1,0.0,53.0,7.8,1014.6
2020-01-03,23.2,11.5,16.8,6.9,51.0,13.2,1015.9
2020-01-04,24.3,14.7,18.7,6.3,47.0,12.9,1019.4
2020-01-05,21.9,9.8,15.4,3.1,53.0,12.2,1005.5
2020-01-06,16.2,10.5,15.6,0.0,45.0,15.5,1010.2
2020-01-07,27.5,15.3,19.4,0.0,54.0,9.8,1015.1
2020-01-08,22.7,12.2,17.9,0.0,58.0,11.9,1016.9
2020-01-09,22.3,7.9,15.6,0.0,48.0,8.2,1024.0
2020-01-10,21.2,13.1,17.8,0.0,47.0,17.4,1017.8
2020-01-11,21.9,9.9,16.0,5.5,64.0,16.0,1012.7
2020-01-12,19.5,13.1,16.1,0.0,53.0,10.0,1008.5
2020-01-13,21.8,14.1,17.7,2.3,62.0,11.2,1010.2
2020-01-14,21.4,7.9,13.6,0.0,56.0,14.1,1010.0
2020-01-15,18.8,6.9,14.1,0.0,57.0,9.6,1016.3
2020-01-16,21.9,11.1,16.6,0.0,60.0,8.0,1014.3
2020-01-17,22.2,11.3,15.9,0.0,54.0,12.6,1006.4
2020-01-18,24.4,13.7,18.7,0.0,60.0,10.2,1010.8
2020-01-19,21.6,13.3,16.4,0.9,58.0,10.5,1017.4
2020-01-20,21.1,9.6,15.6,5.6,54.0,7.5,1014.8
2020-01-21,30.1,15.1,21.5,0.0,62.0,4.8,1015.8
2020-01-22,23.2,13.9,18.2,0.0,60.0,10.7,1014.9
2020-01-23,24.3,14.7,19.0,4.6,61.0,12.7,1021.1
2020-01-24,22.7,10.8,16.2,0.0,56.0,9.3,1014.2
2020-01-25,24.7,13.7,18.1,0.0,70.0,14.3,1011.1
2020-01-26,26.3,14.6,19.5,0.0,67.0,7.9,1008.4
2020-01-27,23.1,9.0,17.2,2.0,68.0,6.8,1014.2
2020-01-28,23.7,15.8,20.4,0.0,62.0,9.8,1000.8
2020-01-29,26.0,14.1,18.6,0.0,56.0,9.8,1012.1
2020-01-30,22.6,15.3,19.4,0.7,75.0,12.3,1012.0
2020-01-31,24.3,12.8,18.9,0.0,65.0,7.7,1006.2
2020-02-01,27.8,19.2,23.9,0.0,62.0,14.1,1008.4
2020-02-02,25.3,16.3,20.4,0.0,68.0,15.9,1017.0
2020-02-03,23.9,11.4,18.4,1.4,72.0,9.9,1014.2
2020-02-04,27.8,15.2,22.3,0.0,67.0,13.7,1013.5
2020-02-05,24.0,14.3,18.4,1.3,74.0,6.8,1014.5
2020-02-06,28.8,19.2,21.4,0.0,73.0,13.2,1013.5
2020-02-07,22.8,10.7,17.2,0.0,63.0,13.1,1019.2
2020-02-08,23.2,14.6,18.6,0.8,65.0,12.6,1013.6
2020-02-09,28.2,15.6,21.7,0.0,74.0,10.0,1005.7
2020-02-10,29.7,20.9,23.0,0.0,56.0,1.1,1021.2
2020-02-11,25.1,15.6,22.0,0.0,69.0,8.1,1014.9
2020-02-12,27.4,18.3,21.5,0.0,63.0,8.1,1010.1
2020-02-13,27.3,15.2,21.3,0.0,68.0,7.1,1006.7
2020-02-14,23.6,14.0,19.0,0.0,69.0,10.4,1015.0
2020-02-15,27.7,17.1,20.7,0.0,70.0,8.7,1012.4
2020-02-16,26.1,16.9,21.3,2.6,69.0,7.5,1020.9
2020-02-17,29.7,18.4,24.5,0.0,67.0,6.8,1011.3
2020-02-18,27.9,18.0,23.2,8.8,84.0,7.9,1008.8
2020-02-19,24.1,13.2,19.1,0.0,82.0,13.4,1017.5
2020-02-20,26.7,15.4,23.3,0.0,67.0,8.0,1017.6
2020-02-21,24.9,19.4,22.0,0.0,81.0,8.5,1013.8
2020-02-22,28.9,14.1,21.6,0.0,72.0,8.6,1016.4
2020-02-23,28.0,19.1,24.2,0.0,75.0,11.0,1012.8
2020-02-24,28.7,21.5,25.2,1.3,74.0,11.4,1014.2
2020-02-25,26.8,22.1,25.1,4.7,71.0,0.9,1018.8
2020-02-26,25.7,16.9,21.6,2.6,80.0,13.1,1016.1
2020-02-27,25.8,16.4,22.8,0.0,76.0,14.3,1012.2
2020-02-28,31.6,19.4,24.2,2.2,73.0,6.8,1019.8
2020-02-29,32.1,18.3,25.5,0.0,69.0,7.1,1001.2
2020-03-01,26.7,19.9,22.7,0.0,72.0,8.6,1023.3
2020-03-02,31.8,18.4,23.4,11.5,68.0,7.7,1004.5
2020-03-03,28.1,18.5,21.6,0.0,77.0,10.7,1009.9
2020-03-04,26.0,16.0,21.5,0.0,71.0,4.2,1012.8
2020-03-05,26.9,19.3,25.6,0.0,76.0,6.6,1012.3
2020-03-06,35.2,22.4,26.8,0.0,84.0,14.6,1018.0
2020-03-07,26.9,22.9,24.0,1.9,83.0,7.2,1007.7
2020-03-08,28.7,20.9,26.2,0.0,77.0,13.7,1014.3
2020-03-09,31.5,19.3,25.0,1.6,77.0,11.1,1010.1
2020-03-10,31.7,17.4,23.0,0.0,87.0,4.6,1014.5
2020-03-11,32.2,18.3,25.1,0.0,81.0,11.9,1012.7
2020-03-12,33.4,24.1,27.5,0.0,77.0,9.6,1013.5
2020-03-13,30.3,18.4,24.4,0.0,71.0,8.6,1010.3
2020-03-14,34.0,20.9,27.7,0.0,81.0,10.7,1010.4
2020-03-15,25.5,17.0,19.4,3.4,83.0,11.4,1014.4
2020-03-16,31.7,20.8,26.3,2.9,76.0,12.1,1017.7
2020-03-17,30.0,20.6,24.9,6.8,81.0,13.5,1010.0
2020-03-18,29.0,19.3,24.1,3.5,77.0,11.2,1008.7
2020-03-19,28.8,19.4,25.0,6.6,78.0,5.9,1016.1
2020-03-20,25.4,16.6,20.8,0.0,67.0,8.6,1012.8
2020-03-21,26.9,20.4,24.4,4.8,78.0,18.8,1017.2
2020-03-22,30.4,20.5,25.6,0.0,84.0,12.2,1008.5
2020-03-23,31.4,24.5,27.9,0.0,77.0,17.1,1004.1
2020-03-24,27.2,20.5,23.9,0.0,80.0,14.2,1010.3
2020-03-25,28.6,17.3,23.3,0.0,76.0,10.7,1009.2
2020-03-26,31.0,20.7,24.0,0.0,82.0,10.9,1012.6
2020-03-27,33.2,20.8,26.8,1.0,79.0,9.9,1009.8
2020-03-28,28.3,19.9,25.6,0.0,75.0,4.8,1016.7
2020-03-29,27.4,21.5,23.9,0.0,87.0,10.1,1011.6
2020-03-30,32.4,22.0,26.0,0.0,85.0,13.6,1013.8
2020-03-31,28.7,18.4,25.2,0.0,77.0,8.2,1013.8
2020-04-01,31.6,23.4,26.9,0.0,82.0,11.2,1014.0
2020-04-02,29.4,19.3,23.6,0.0,83.0,12.6,1012.9
2020-04-03,27.9,18.6,24.3,0.0,83.0,7.3,1015.6
2020-04-04,29.4,18.0,24.2,0.0,71.0,8.6,1009.0
2020-04-05,25.0,17.4,22.0,0.5,85.0,6.9,1020.0
2020-04-06,29.6,21.4,25.5,1.5,77.0,7.5,1011.8
2020-04-07,30.9,18.3,25.5,0.0,78.0,6.1,1006.4
2020-04-08,27.5,17.3,24.9,0.0,93.0,7.3,1013.9
2020-04-09,30.1,17.9,24.4,0.0,81.0,14.3,1008.7
2020-04-10,27.0,16.9,22.0,5.1,78.0,7.3,1016.3
2020-04-11,29.8,20.2,24.0,0.0,68.0,10.4,1024.0
2020-04-12,29.4,20.4,24.1,0.0,86.0,8.5,1009.1
2020-04-13,30.2,17.4,23.2,6.8,73.0,13.5,1014.7
2020-04-14,29.6,18.8,24.4,0.0,74.0,13.9,1004.2
2020-04-15,29.8,18.4,25.5,0.0,77.0,12.6,1015.3
2020-04-16,33.6,22.4,28.4,0.0,86.0,10.9,1008.6
2020-04-17,30.8,22.2,24.9,4.1,83.0,9.3,1009.9
2020-04-18,30.1,18.5,25.1,1.7,78.0,6.4,1007.5
2020-04-19,29.4,20.8,24.3,1.9,80.0,15.8,1016.7
2020-04-20,24.5,16.2,20.6,0.0,75.0,7.7,1018.0
2020-04-21,28.3,18.9,24.3,0.0,79.0,12.0,1013.1
2020-04-22,27.3,16.4,24.4,2.0,78.0,13.2,1008.7
2020-04-23,36.8,19.5,29.2,1.6,83.0,8.3,1020.9
2020-04-24,26.9,17.9,23.8,0.0,82.0,13.1,1009.2
2020-04-25,28.7,20.0,24.7,2.4,80.0,12.3,1002.2
2020-04-26,27.9,18.2,24.0,0.0,75.0,15.2,1015.3
2020-04-27,28.0,15.3,21.6,0.0,81.0,8.6,1007.5
2020-04-28,30.7,21.6,26.2,0.0,76.0,6.1,1017.9
2020-04-29,32.2,17.6,25.3,0.0,71.0,8.5,1011.1
2020-04-30,29.3,20.0,25.3,3.4,74.0,10.6,1016.0
2020-05-01,27.2,16.1,21.8,0.0,76.0,10.2,1020.0
2020-05-02,30.1,20.3,26.3,0.0,80.0,8.8,1007.0
2020-05-03,28.9,15.0,20.6,3.4,74.0,4.3,1010.2
2020-05-04,27.8,18.3,24.5,3.6,69.0,11.4,1012.6
2020-05-05,33.1,23.6,27.6,0.0,75.0,15.9,1020.7
2020-05-06,27.1,17.0,21.2,0.0,75.0,11.4,1009.7
2020-05-07,27.6,18.6,21.9,0.0,75.0,11.8,1010.0
2020-05-08,27.9,17.5,23.2,0.0,78.0,11.7,1015.4
2020-05-09,26.7,15.7,21.8,0.6,79.0,11.2,1010.1
2020-05-10,24.7,14.0,19.6,0.2,70.0,12.8,1013.8
2020-05-11,27.6,15.3,22.8,0.0,70.0,11.2,1005.2
2020-05-12,26.8,15.4,20.4,0.0,67.0,9.1,1024.1
2020-05-13,31.7,17.4,23.4,0.0,76.0,7.6,1006.3
2020-05-14,24.6,17.1,20.5,4.1,79.0,9.3,1011.4
2020-05-15,28.2,20.9,25.3,0.0,70.0,10.9,1012.8
2020-05-16,25.4,14.4,20.5,0.0,70.0,9.1,1022.6
2020-05-17,30.2,15.0,21.3,0.0,78.0,10.9,1006.4
2020-05-18,27.2,18.9,23.4,0.0,73.0,11.3,1022.9
2020-05-19,26.7,14.3,19.2,0.0,72.0,12.5,1016.8
2020-05-20,29.5,19.3,22.0,0.0,64.0,13.8,1015.1
2020-05-21,28.2,19.6,24.0,2.3,73.0,10.2,1008.1
2020-05-22,23.9,11.7,18.1,3.2,64.0,6.1,1015.9
2020-05-23,29.0,15.7,21.5,13.1,63.0,9.0,1009.4
2020-05-24,26.0,15.8,21.5,0.0,66.0,10.1,1019.3
2020-05-25,27.1,17.4,22.4,0.0,65.0,4.5,1008.1
2020-05-26,22.4,13.3,18.3,0.0,66.0,14.2,1012.4
2020-05-27,21.4,13.9,18.0,0.0,60.0,10.4,1010.2
2020-05-28,25.5,15.4,21.5,2.9,71.0,11.1,1008.1
2020-05-29,24.1,15.3,20.9,0.0,72.0,14.1,1016.7
2020-05-30,25.7,14.9,20.7,0.0,56.0,8.1,1015.7
2020-05-31,24.6,16.5,20.7,2.4,70.0,11.7,1019.0
2020-06-01,23.9,16.7,18.5,2.9,61.0,9.7,1004.1
2020-06-02,22.8,13.5,20.2,0.0,68.0,9.4,1018.3
2020-06-03,25.6,15.9,20.1,0.0,63.0,7.7,1025.5
2020-06-04,24.2,14.3,18.0,0.0,63.0,15.0,1010.7
2020-06-05,25.0,16.9,23.0,0.0,62.0,8.9,1022.5
2020-06-06,25.6,15.6,20.0,0.0,68.0,12.1,1011.7
2020-06-07,23.4,10.0,16.6,0.0,56.0,4.4,1006.1
2020-06-08,23.3,14.2,20.1,0.7,64.0,13.5,1011.5
2020-06-09,24.2,10.6,16.7,0.0,66.0,13.2,1018.2
2020-06-10,25.7,17.1,20.0,0.0,64.0,10.3,1008.8
2020-06-11,24.6,13.8,20.6,0.0,72.0,9.3,1010.0
2020-06-12,21.4,11.1,16.5,0.0,57.0,11.2,1016.0
2020-06-13,25.7,15.4,19.9,6.2,64.0,16.9,1013.0
2020-06-14,23.7,13.4,18.6,0.0,58.0,4.7,1015.9
2020-06-15,25.1,16.9,19.3,0.0,64.0,12.3,1014.2
2020-06-16,24.9,15.7,21.3,0.0,57.0,7.3,1015.4
2020-06-17,22.1,13.4,16.8,11.7,55.0,9.9,1010.8
2020-06-18,18.5,12.7,15.6,0.0,63.0,9.3,1014.2
2020-06-19,20.0,12.5,15.2,0.8,53.0,8.7,1008.4
2020-06-20,18.8,8.5,15.2,0.0,48.0,10.0,1019.4
2020-06-21,20.4,12.4,16.5,0.0,52.0,6.6,1009.8
2020-06-22,24.0,9.8,17.1,0.0,57.0,13.1,1018.6
2020-06-23,23.5,12.6,16.8,10.2,61.0,4.6,1011.8
2020-06-24,23.7,15.3,17.8,2.3,54.0,11.6,1014.0
2020-06-25,19.3,12.6,16.0,0.0,59.0,9.0,1010.5
2020-06-26,23.2,11.8,18.7,0.0,46.0,6.5,1007.9
2020-06-27,21.9,10.3,15.1,0.0,50.0,10.6,1004.3
2020-06-28,26.1,16.7,20.9,0.0,50.0,5.3,1007.7
2020-06-29,25.0,11.3,16.5,0.0,50.0,10.1,1011.4
2020-06-30,19.0,7.6,13.4,4.3,51.0,5.7,1014.1
2020-07-01,18.1,6.1,12.8,0.8,53.0,11.4,1018.1
2020-07-02,20.2,8.5,15.7,0.0,47.0,7.2,1010.8
2020-07-03,19.3,9.7,14.1,0.0,49.0,8.6,1008.6
2020-07-04,20.6,12.8,15.8,3.2,48.0,10.9,1005.8
2020-07-05,21.2,10.8,15.2,9.3,43.0,7.7,1015.4
2020-07-06,20.3,8.5,13.9,0.0,47.0,9.8,1019.9
2020-07-07,16.0,8.6,12.2,0.0,46.0,5.5,1019.3
2020-07-08,13.7,7.1,10.7,0.0,45.0,11.9,1016.5
2020-07-09,14.9,7.1,12.6,0.0,46.0,15.3,1016.2
2020-07-10,20.8,10.2,15.1,0.0,45.0,18.4,1021.5
2020-07-11,17.0,8.6,13.6,0.0,42.0,10.3,1014.7
2020-07-12,12.3,6.7,10.5,0.0,50.0,12.4,1016.2
2020-07-13,18.8,8.6,13.2,0.0,38.0,4.7,1011.4
2020-07-14,22.2,9.9,13.5,0.0,39.0,14.5,1006.2
2020-07-15,15.8,4.4,10.8,0.0,56.0,12.3,1009.6
2020-07-16,18.9,6.1,12.7,0.7,37.0,8.5,1013.0
2020-07-17,17.4,10.1,12.3,4.5,35.0,13.7,1013.3
2020-07-18,14.6,6.1,9.7,0.0,45.0,9.2,1022.6
2020-07-19,19.0,9.8,12.6,0.0,30.0,8.6,1013.4
2020-07-20,17.4,8.8,12.8,1.0,39.0,11.4,1018.9
2020-07-21,19.1,8.8,13.7,0.0,50.0,6.8,1010.8
2020-07-22,19.0,10.7,13.5,0.0,31.0,13.1,1011.4
2020-07-23,12.5,4.9,8.5,0.0,29.0,6.8,1006.4
2020-07-24,15.7,5.7,9.2,0.0,31.0,6.8,1009.3
2020-07-25,16.7,6.6,11.9,0.0,42.0,7.3,1015.6
2020-07-26,15.6,6.7,11.8,0.5,43.0,12.3,1013.0
2020-07-27,17.4,7.7,11.6,0.0,34.0,8.1,1017.7
2020-07-28,21.8,12.9,18.1,0.0,40.0,6.0,1013.9
2020-07-29,16.5,7.3,11.4,5.3,43.0,8.2,1011.2
2020-07-30,17.4,7.8,12.4,0.0,44.0,9.9,1023.7
2020-07-31,18.5,4.4,11.9,0.0,34.0,6.5,1012.5
2020-08-01,16.9,4.1,11.1,0.0,23.0,6.5,1018.8
2020-08-02,14.0,6.0,9.1,0.0,30.0,16.3,1011.0
2020-08-03,17.3,4.8,11.1,0.0,32.0,7.4,1016.5
2020-08-04,14.9,1.6,7.9,0.0,32.0,9.0,1017.6
2020-08-05,14.6,5.5,8.8,0.0,32.0,8.9,1014.0
2020-08-06,13.2,1.9,8.2,0.0,38.0,8.7,1001.2
2020-08-07,12.2,1.8,9.1,0.0,38.0,11.9,1013.1
2020-08-08,16.9,10.2,13.5,0.0,31.0,12.8,1019.2
2020-08-09,9.5,1.4,5.0,0.0,37.0,9.1,1015.6
2020-08-10,14.0,3.4,10.0,0.0,33.0,6.3,1015.2
2020-08-11,9.9,-0.2,5.2,0.0,31.0,13.8,1004.4
2020-08-12,12.5,1.5,7.4,1.3,34.0,9.7,1009.4
2020-08-13,16.2,4.9,10.4,0.0,30.0,15.2,1015.1
2020-08-14,13.1,2.6,8.2,0.0,39.0,3.3,1015.1
2020-08-15,11.5,2.8,5.8,7.1,22.0,10.6,1019.1
2020-08-16,11.5,-0.2,6.4,0.0,26.0,15.8,1012.3
2020-08-17,11.1,2.3,9.1,0.0,27.0,8.9,1015.0
2020-08-18,9.7,1.5,6.1,3.4,30.0,9.3,1013.1
2020-08-19,12.7,3.0,7.9,2.4,34.0,10.9,1008.1
2020-08-20,10.6,4.7,7.5,0.0,27.0,8.3,1001.7
2020-08-21,11.8,0.2,5.9,0.0,20.0,9.1,1015.2
2020-08-22,18.7,5.6,11.4,0.0,31.0,9.0,1013.9
2020-08-23,15.1,3.4,8.3,2.1,30.0,8.1,1009.9
2020-08-24,7.6,-3.8,2.9,0.0,20.0,13.7,1004.9
2020-08-25,14.4,2.7,7.2,0.0,25.0,11.4,1016.1
2020-08-26,10.6,-0.4,5.4,3.6,20.0,10.8,1011.7
2020-08-27,12.8,4.9,8.3,0.0,22.0,12.4,1015.8
2020-08-28,9.0,-0.0,5.0,4.7,20.0,9.2,1022.3
2020-08-29,10.8,1.5,6.2,0.0,28.0,7.7,1002.3
2020-08-30,11.8,2.0,7.4,0.0,25.0,8.2,1009.5
2020-08-31,13.3,3.6,8.0,0.0,20.0,10.0,1012.0
2020-09-01,9.0,-1.0,3.8,1.6,28.0,6.8,1020.3
2020-09-02,10.5,-0.8,5.5,0.0,20.0,8.5,1004.8
2020-09-03,10.7,0.7,5.1,0.0,25.0,8.5,1022.7
2020-09-04,11.4,2.1,4.7,0.0,20.0,16.4,1013.7
2020-09-05,15.8,1.8,9.4,3.1,21.0,1.7,1012.5
2020-09-06,9.4,-0.4,6.6,2.7,25.0,9.5,1012.0
2020-09-07,4.4,0.2,3.2,0.0,25.0,15.2,1010.8
2020-09-08,13.9,1.5,7.5,0.0,29.0,10.4,1018.2
2020-09-09,12.8,5.6,9.9,1.3,21.0,12.3,1007.7
2020-09-10,12.3,2.2,7.6,0.0,23.0,10.3,1014.7
2020-09-11,5.7,-3.0,2.5,0.0,20.0,8.0,1011.1
2020-09-12,6.8,-0.2,4.5,0.0,22.0,3.3,1009.2
2020-09-13,13.8,4.1,7.9,2.6,23.0,10.6,1025.9
2020-09-14,10.1,-0.0,3.9,0.0,21.0,7.7,1015.1
2020-09-15,10.3,2.6,6.2,0.0,20.0,7.6,1016.1
2020-09-16,7.9,3.1,6.8,0.0,22.0,8.5,1018.7
2020-09-17,7.6,-1.5,3.4,0.0,23.0,15.2,1005.9
2020-09-18,10.7,1.2,5.1,0.0,20.0,17.2,1021.8
2020-09-19,1.5,-7.3,-1.3,0.0,20.0,10.7,1000.5
2020-09-20,8.4,-4.1,3.1,0.0,28.0,8.6,1009.2
2020-09-21,9.6,0.5,4.6,0.0,23.0,6.5,1010.7
2020-09-22,8.5,-2.8,2.6,0.0,20.0,11.4,1015.9
2020-09-23,13.5,2.6,8.3,1.0,20.0,15.3,1014.1
2020-09-24,5.7,-3.5,2.2,1.0,20.0,9.3,1012.2
2020-09-25,10.9,-1.0,4.2,0.2,27.0,2.9,1012.9
2020-09-26,10.0,-0.8,5.3,0.0,21.0,12.0,1008.1
2020-09-27,12.9,2.2,7.9,0.0,20.0,13.0,1005.5
2020-09-28,5.7,-1.0,2.1,0.0,23.0,5.2,1016.6
2020-09-29,11.7,1.0,7.3,2.0,20.0,10.5,1016.5
2020-09-30,8.7,-1.3,5.0,1.7,28.0,11.4,1020.9
2020-10-01,7.8,-0.8,3.0,3.5,27.0,9.8,1009.0
2020-10-02,13.5,0.9,5.9,0.0,20.0,7.6,1016.5
2020-10-03,8.4,-0.6,5.4,0.0,20.0,13.0,1011.6
2020-10-04,6.4,-0.9,3.8,0.0,20.0,8.8,1019.0
2020-10-05,12.4,-1.4,5.2,0.0,20.0,5.5,1018.1
2020-10-06,9.0,-4.3,4.3,0.0,20.0,3.9,1014.1
2020-10-07,9.3,1.5,5.3,2.4,21.0,13.8,1011.3
2020-10-08,13.0,3.5,6.4,0.0,20.0,11.8,1017.8
2020-10-09,12.4,2.8,8.3,0.0,20.0,10.3,1016.2
2020-10-10,10.4,-3.4,2.7,0.0,20.0,8.7,1009.6
2020-10-11,15.5,4.8,9.5,0.4,23.0,8.4,1006.4
2020-10-12,5.6,-5.9,1.3,0.0,23.0,6.8,1011.6
2020-10-13,13.2,2.0,5.0,0.0,20.0,8.7,1020.6
2020-10-14,10.6,0.4,6.5,3.6,20.0,3.6,1018.7
2020-10-15,12.0,1.8,5.9,0.0,20.0,7.8,1007.4
2020-10-16,9.6,-3.4,4.1,0.0,26.0,9.1,1007.2
2020-10-17,12.0,-3.0,5.0,0.0,25.0,11.8,1019.4
2020-10-18,11.8,0.7,4.5,0.0,20.0,9.9,1007.3
2020-10-19,9.4,0.2,4.4,1.6,20.0,12.4,1015.5
2020-10-20,11.2,1.0,7.3,2.1,20.0,14.0,1009.9
2020-10-21,12.1,2.0,6.4,0.0,20.0,13.2,1021.1
2020-10-22,8.3,-0.6,4.3,0.0,24.0,11.4,1009.1
2020-10-23,15.6,2.6,7.6,0.0,21.0,10.0,1018.7
2020-10-24,11.7,4.4,6.5,0.0,27.0,7.1,1013.9
2020-10-25,12.0,2.6,7.6,0.0,20.0,12.2,1014.3
2020-10-26,12.5,3.3,7.3,0.0,20.0,15.0,1003.1
2020-10-27,7.4,0.2,4.4,0.0,20.0,11.0,1002.0
2020-10-28,8.6,-2.1,5.0,0.4,20.0,15.8,1011.9
2020-10-29,14.5,4.6,7.7,0.0,20.0,5.4,1014.2
2020-10-30,11.6,1.3,7.5,0.0,29.0,6.5,1007.4
2020-10-31,9.8,1.8,6.4,0.0,21.0,12.6,1007.6
2020-11-01,12.5,2.2,6.7,1.1,25.0,10.8,1015.8
2020-11-02,15.9,3.0,9.1,0.0,23.0,13.9,1015.8
2020-11-03,11.6,-0.0,5.5,0.0,20.0,10.0,1012.3
2020-11-04,14.4,2.0,7.9,0.0,25.0,7.4,1016.9
2020-11-05,10.3,0.0,6.5,0.4,29.0,9.4,1007.1
2020-11-06,9.4,2.0,6.6,0.0,20.0,5.4,1011.2
2020-11-07,16.5,5.2,9.3,0.7,30.0,6.6,1021.2
2020-11-08,13.4,5.5,8.8,1.6,22.0,12.9,1013.3
2020-11-09,13.6,5.2,8.9,2.0,25.0,12.6,1013.6
2020-11-10,17.0,0.6,10.0,0.0,30.0,11.1,1024.5
2020-11-11,13.4,0.7,7.6,0.0,24.0,4.8,1006.0
2020-11-12,14.7,6.0,9.0,0.0,28.0,8.9,1017.0
2020-11-13,15.4,4.1,7.1,1.9,27.0,6.3,1021.3
2020-11-14,12.6,2.8,8.5,0.0,29.0,13.5,1011.4
2020-11-15,14.1,1.9,7.7,0.0,20.0,8.2,1017.3
2020-11-16,13.4,2.5,8.3,0.0,20.0,6.7,1008.1
2020-11-17,14.8,4.8,9.4,0.0,33.0,10.1,1009.6
2020-11-18,14.0,1.9,6.7,0.0,35.0,8.1,1014.9
2020-11-19,18.5,7.2,12.7,0.0,26.0,14.5,1017.0
2020-11-20,12.4,1.5,6.6,0.0,30.0,7.8,1018.6
2020-11-21,13.0,4.7,6.4,2.9,33.0,5.8,1020.8
2020-11-22,15.7,6.6,11.2,0.0,35.0,3.5,1012.7
2020-11-23,14.4,6.9,10.6,0.0,22.0,9.9,1019.0
2020-11-24,13.9,5.2,10.4,0.0,28.0,8.3,1011.3
2020-11-25,12.6,1.1,10.6,0.0,31.0,5.7,1017.5
2020-11-26,17.5,3.9,9.5,4.2,37.0,13.6,1014.0
2020-11-27,11.2,3.3,7.8,0.0,46.0,12.0,1015.2
2020-11-28,14.6,3.5,9.9,0.0,33.0,9.9,1015.1
2020-11-29,13.1,2.8,8.6,0.0,28.0,14.1,1005.0
2020-11-30,17.5,6.4,12.0,6.8,37.0,12.0,1007.4
2020-12-01,16.1,4.0,9.9,0.0,42.0,7.5,1013.5
2020-12-02,15.0,0.6,8.7,1.3,37.0,6.9,1004.6
2020-12-03,14.0,6.6,9.9,0.0,32.0,12.5,1017.2
2020-12-04,16.2,5.8,11.5,0.0,42.0,11.2,1017.4
2020-12-05,15.1,6.1,9.7,0.0,41.0,10.5,1014.6
2020-12-06,14.0,3.5,9.3,3.8,33.0,7.5,1007.4
2020-12-07,19.0,8.0,11.6,0.0,40.0,11.8,1019.9
2020-12-08,17.5,7.4,11.8,5.3,44.0,7.7,1023.2
2020-12-09,16.6,5.9,10.4,0.0,45.0,9.7,1013.7
2020-12-10,16.7,4.2,10.7,0.0,40.0,14.3,1015.6
2020-12-11,19.0,5.9,12.3,0.0,39.0,8.0,1014.0
2020-12-12,14.3,5.9,9.1,9.1,47.0,5.3,1015.7
2020-12-13,12.4,4.2,9.3,0.0,35.0,6.8,1012.4
2020-12-14,16.4,6.9,10.8,1.8,44.0,13.0,1012.8
2020-12-15,16.0,8.9,12.0,1.7,35.0,10.8,1017.5
2020-12-16,17.4,8.6,13.2,5.1,48.0,9.6,1024.7
2020-12-17,21.6,11.2,15.7,0.0,42.0,8.5,1006.0
2020-12-18,21.5,6.0,14.7,0.0,50.0,11.5,1012.5
2020-12-19,17.8,7.1,12.8,7.4,47.0,7.5,1007.1
2020-12-20,18.7,10.3,13.2,0.0,39.0,10.9,1021.0
2020-12-21,19.0,7.3,11.5,0.0,52.0,7.8,1010.1
2020-12-22,19.0,7.1,13.6,0.0,54.0,7.3,1005.8
2020-12-23,22.1,5.1,13.2,0.0,51.0,8.1,1016.2
2020-12-24,20.5,12.0,14.6,0.0,43.0,8.9,1021.7
2020-12-25,14.8,10.3,12.5,0.0,46.0,9.9,1016.3
2020-12-26,21.5,7.5,15.4,0.0,49.0,10.7,1014.0
2020-12-27,23.1,12.0,17.5,0.0,45.0,0.0,1015.0
2020-12-28,21.4,10.7,14.4,0.0,57.0,7.6,1020.1
2020-12-29,21.6,9.8,15.6,0.0,50.0,8.8,1008.6
2020-12-30,21.2,15.3,16.4,0.0,36.0,14.5,1012.4
2020-12-31,17.5,9.4,14.4,0.0,52.0,6.8,1010.7
2021-01-01,20.3,10.1,15.6,0.0,49.0,10.5,1007.2
2021-01-02,19.1,9.0,15.4,0.0,51.0,14.5,1011.4
2021-01-03,19.8,12.2,15.7,0.0,50.0,6.1,1018.5
2021-01-04,20.0,9.0,14.1,4.4,56.0,11.2,1015.8
2021-01-05,23.4,12.3,15.9,0.0,58.0,7.6,1016.2
2021-01-06,22.6,11.6,17.0,3.2,55.0,8.5,1013.7
2021-01-07,22.3,15.4,19.1,0.0,52.0,7.6,1015.6
2021-01-08,24.0,13.9,18.3,0.0,54.0,7.8,1009.0
2021-01-09,27.6,17.3,20.8,0.0,55.0,18.2,1011.5
2021-01-10,19.3,9.2,15.2,0.0,51.0,12.5,1014.0
2021-01-11,23.4,12.3,18.6,0.0,59.0,13.3,1014.4
2021-01-12,22.4,12.8,17.4,0.0,58.0,11.5,1014.6
2021-01-13,25.4,16.5,21.6,0.0,64.0,5.2,1012.3
2021-01-14,21.7,12.9,15.8,0.0,63.0,11.2,1011.1
2021-01-15,20.7,11.3,15.9,0.0,54.0,13.2,1028.8
2021-01-16,22.2,11.6,16.5,9.4,62.0,7.4,1017.5
2021-01-17,17.3,4.7,13.6,0.0,54.0,12.9,1015.1
2021-01-18,21.3,13.7,17.0,0.0,63.0,12.1,1011.8
2021-01-19,22.8,9.5,16.7,0.0,57.0,15.6,1010.7
2021-01-20,23.1,12.2,18.7,0.0,55.0,8.7,1012.3
2021-01-21,26.8,13.8,19.2,8.0,62.0,6.7,1014.5
2021-01-22,26.9,14.8,22.4,0.0,48.0,8.9,1003.6
2021-01-23,26.1,15.2,20.8,0.0,53.0,14.3,1005.2
2021-01-24,24.3,12.3,17.9,3.5,61.0,4.5,1009.8
2021-01-25,20.2,12.5,17.4,0.0,63.0,3.8,1014.0
2021-01-26,22.7,13.5,20.3,0.0,61.0,10.3,1011.8
2021-01-27,19.6,10.2,16.8,1.4,56.0,8.7,1020.4
2021-01-28,30.2,19.2,23.3,0.0,60.0,10.0,1005.6
2021-01-29,26.3,19.1,22.1,0.0,66.0,12.8,1009.2
2021-01-30,27.8,14.3,19.0,0.0,68.0,8.3,1020.6
2021-01-31,20.8,12.9,16.7,0.0,65.0,4.4,1013.7
2021-02-01,28.2,18.0,22.9,0.0,71.0,16.1,1017.4
2021-02-02,27.5,13.3,20.2,1.4,68.0,7.0,1023.3
2021-02-03,31.0,18.7,23.0,0.0,63.0,6.8,1009.5
2021-02-04,25.6,12.5,17.5,0.2,66.0,13.3,1012.5
2021-02-05,26.4,14.5,19.6,4.5,60.0,8.8,1011.6
2021-02-06,27.5,14.7,21.0,0.0,67.0,9.8,1003.2
2021-02-07,27.1,19.5,21.2,0.0,74.0,11.4,1011.4
2021-02-08,26.5,16.2,20.3,0.0,72.0,13.3,1017.4
2021-02-09,26.8,17.3,22.6,4.5,76.0,9.0,1015.7
2021-02-10,23.1,12.6,19.4,0.6,68.0,14.6,1016.1
2021-02-11,26.3,17.1,21.3,0.0,77.0,3.6,1011.1
2021-02-12,26.7,19.8,22.0,0.0,69.0,12.3,1009.7
2021-02-13,27.2,17.0,22.9,0.0,78.0,7.5,1019.3
2021-02-14,29.5,19.4,23.4,4.4,71.0,14.1,1010.5
2021-02-15,26.3,16.7,19.9,0.0,75.0,10.4,1014.5
2021-02-16,24.3,15.1,19.2,0.0,79.0,8.0,1013.8
2021-02-17,32.1,20.2,24.9,2.1,71.0,12.0,1020.3
2021-02-18,26.4,19.0,23.1,0.0,74.0,12.7,1017.9
2021-02-19,25.8,19.4,21.1,0.0,79.0,11.9,1006.5
2021-02-20,29.7,19.5,25.8,0.0,72.0,6.9,1007.1
2021-02-21,25.2,16.1,23.0,0.0,67.0,8.5,1015.9
2021-02-22,30.1,19.3,25.3,0.0,84.0,10.0,1012.7
2021-02-23,28.0,19.9,23.1,4.4,72.0,9.9,1010.7
2021-02-24,34.5,22.5,27.2,0.0,75.0,12.2,1018.1
2021-02-25,32.7,21.7,26.7,0.0,80.0,4.0,1013.9
2021-02-26,26.3,16.9,22.8,0.0,72.0,11.0,1013.3
2021-02-27,33.1,19.3,25.3,0.0,70.0,9.1,1016.9
2021-02-28,31.6,20.9,24.8,0.0,77.0,7.5,1011.1
2021-03-01,32.2,21.2,26.3,0.3,67.0,7.8,1020.8
2021-03-02,26.4,16.1,21.7,2.0,75.0,9.4,1009.1
2021-03-03,28.7,17.9,25.1,0.0,78.0,0.0,1016.3
2021-03-04,30.4,19.9,26.0,0.0,75.0,7.9,1020.2
2021-03-05,27.0,14.2,20.4,0.0,69.0,7.4,1006.1
2021-03-06,29.5,16.5,21.6,8.2,85.0,11.6,1011.3
2021-03-07,27.3,12.9,20.0,0.0,78.0,7.6,1018.7
2021-03-08,27.9,18.0,23.6,6.5,85.0,9.4,1018.8
2021-03-09,29.0,21.9,25.6,0.0,76.0,14.6,1012.1
2021-03-10,32.5,20.2,27.3,4.7,73.0,13.0,1009.3
2021-03-11,26.8,18.4,24.5,2.5,79.0,12.7,1017.8
2021-03-12,33.1,23.3,27.7,0.7,77.0,8.5,1018.9
2021-03-13,26.5,17.4,21.7,0.0,72.0,11.6,1007.2
2021-03-14,25.4,15.7,21.1,0.0,86.0,9.3,1007.0
2021-03-15,27.1,18.8,24.5,0.0,76.0,9.4,1014.1
2021-03-16,31.1,20.1,25.4,3.9,70.0,11.2,1016.1
2021-03-17,28.8,19.1,24.6,0.0,86.0,8.2,1011.5
2021-03-18,23.8,13.0,20.6,0.4,77.0,14.5,1016.4
2021-03-19,25.3,18.0,24.6,1.0,76.0,9.5,1009.4
2021-03-20,27.1,16.9,22.2,0.0,71.0,11.9,1002.4
2021-03-21,33.8,19.7,26.2,4.8,88.0,14.4,1010.9
2021-03-22,33.1,22.1,25.6,0.0,73.0,13.1,1013.3
2021-03-23,27.3,17.4,23.0,0.0,80.0,5.8,1011.6
2021-03-24,28.0,16.2,23.9,0.0,84.0,11.3,1007.2
2021-03-25,28.5,18.1,22.8,0.0,82.0,12.6,1003.9
2021-03-26,28.3,21.1,24.8,7.9,80.0,12.7,1010.4
2021-03-27,32.3,22.8,26.9,0.0,71.0,6.7,1017.5
2021-03-28,29.2,19.6,23.0,0.0,76.0,8.0,1019.3
2021-03-29,32.8,22.2,26.0,0.0,81.0,13.0,1018.9
2021-03-30,28.8,19.5,23.9,1.3,76.0,7.7,1008.9
2021-03-31,28.1,20.5,23.4,0.0,81.0,9.1,1007.2
2021-04-01,28.5,19.8,24.8,3.1,83.0,14.7,1015.5
2021-04-02,26.7,16.6,22.9,0.0,85.0,9.9,1016.2
2021-04-03,28.5,20.2,23.9,0.0,74.0,7.8,1015.0
2021-04-04,28.1,15.3,22.6,0.0,91.0,7.4,1002.9
2021-04-05,35.3,23.1,28.9,0.0,84.0,11.0,1008.7
2021-04-06,28.8,18.5,25.0,6.3,80.0,6.0,1012.9
2021-04-07,30.8,19.5,23.6,0.0,85.0,9.3,1015.4
2021-04-08,30.0,19.1,25.4,3.1,92.0,11.0,1016.8
2021-04-09,29.7,21.3,24.7,0.0,73.0,13.9,1013.7
2021-04-10,28.3,18.1,24.4,0.0,79.0,12.0,1014.7
2021-04-11,27.5,20.8,26.1,0.3,68.0,7.9,1013.4
2021-04-12,32.7,20.5,26.3,1.4,80.0,13.5,1016.4
2021-04-13,29.8,20.5,23.7,0.0,81.0,9.1,1014.6
2021-04-14,28.2,20.0,23.6,0.0,79.0,6.3,1013.3
2021-04-15,29.3,18.3,24.2,0.0,76.0,9.5,1011.7
2021-04-16,25.8,16.5,20.1,0.0,69.0,14.3,1013.4
2021-04-17,24.3,15.9,21.6,1.4,81.0,10.5,1015.4
2021-04-18,31.5,24.4,27.3,2.4,86.0,10.0,1014.3
2021-04-19,34.0,21.6,27.8,0.0,76.0,14.9,1014.9
2021-04-20,27.1,20.8,24.0,1.5,81.0,5.7,1019.7
2021-04-21,31.0,19.8,25.6,0.0,70.0,6.1,1014.3
2021-04-22,28.0,19.1,25.0,0.0,80.0,5.2,1009.8
2021-04-23,36.2,26.5,30.5,0.0,76.0,11.1,1017.4
2021-04-24,31.4,20.6,26.5,0.0,74.0,10.5,1006.2
2021-04-25,26.5,18.5,23.9,0.0,74.0,14.6,1007.6
2021-04-26,28.9,18.0,22.2,0.0,75.0,10.7,1014.7
2021-04-27,24.7,17.3,20.8,0.0,79.0,8.8,1015.6
2021-04-28,28.1,22.3,24.4,0.0,70.0,10.0,1006.8
2021-04-29,27.7,16.8,22.4,3.0,75.0,10.4,1011.1
2021-04-30,27.7,18.3,21.0,0.0,76.0,5.0,1010.0
2021-05-01,25.9,17.3,22.4,0.0,71.0,18.1,1010.6
2021-05-02,26.6,16.9,21.5,3.2,85.0,11.6,1017.7
2021-05-03,32.6,20.9,26.9,1.5,71.0,10.6,1016.5
2021-05-04,31.3,20.7,25.2,2.2,72.0,11.8,1012.9
2021-05-05,28.6,18.8,23.3,0.0,70.0,12.1,1010.3
2021-05-06,30.7,20.1,26.2,0.0,84.0,9.6,1006.3
2021-05-07,27.1,17.8,23.3,0.0,77.0,8.1,1020.1
2021-05-08,26.5,15.9,21.3,0.0,70.0,11.8,1016.0
2021-05-09,29.4,20.3,26.0,3.8,79.0,11.2,1009.5
2021-05-10,24.6,21.2,23.9,0.0,75.0,7.6,1016.6
2021-05-11,26.3,14.5,20.7,0.0,75.0,14.3,1012.6
2021-05-12,28.6,16.3,22.3,0.0,71.0,10.9,1011.6
2021-05-13,22.2,17.3,20.8,0.0,69.0,12.2,1015.2
2021-05-14,23.1,15.0,19.6,3.6,74.0,14.2,1009.3
2021-05-15,30.1,19.2,24.1,0.0,69.0,10.1,1011.3
2021-05-16,34.1,21.2,26.0,0.0,81.0,11.0,1013.6
2021-05-17,24.3,13.8,19.3,0.0,65.0,12.4,1010.5
2021-05-18,27.0,15.9,23.1,0.0,78.0,7.8,1016.3
2021-05-19,25.2,13.9,20.5,0.0,70.0,10.2,1022.3
2021-05-20,27.8,17.7,20.7,0.0,72.0,10.4,1009.2
2021-05-21,24.4,14.4,20.4,0.0,74.0,7.1,1004.7
2021-05-22,23.5,12.7,19.7,1.4,66.0,17.0,1003.0
2021-05-23,25.7,15.8,21.4,3.1,73.0,5.8,1012.2
2021-05-24,23.1,12.9,19.5,0.2,55.0,6.1,1009.7
2021-05-25,26.7,13.5,21.6,2.3,64.0,13.9,1014.0
2021-05-26,28.2,14.2,20.8,0.0,63.0,12.1,1013.7
2021-05-27,25.7,14.9,20.3,0.0,61.0,6.9,1005.0
2021-05-28,23.4,12.2,18.8,0.0,66.0,11.8,1003.9
2021-05-29,23.9,14.1,19.3,0.3,68.0,14.4,1014.5
2021-05-30,24.5,16.8,21.8,6.7,69.0,9.9,1013.7
2021-05-31,27.5,16.7,21.2,0.3,67.0,17.8,1010.9
2021-06-01,22.9,10.7,18.1,0.0,62.0,4.8,1004.7
2021-06-02,24.8,16.3,20.1,7.1,66.0,12.1,1015.4
2021-06-03,31.0,13.9,21.2,0.0,65.0,13.5,1019.4
2021-06-04,21.7,10.5,16.2,0.0,68.0,12.7,1014.4
2021-06-05,24.4,17.6,20.5,0.0,67.0,9.4,1008.8
2021-06-06,22.3,12.4,17.9,0.0,63.0,9.1,1013.2
2021-06-07,27.0,18.4,20.2,0.0,58.0,11.3,1006.2
2021-06-08,22.6,11.5,17.4,0.0,59.0,12.4,1018.3
2021-06-09,18.0,8.8,15.2,0.0,59.0,11.8,1013.4
2021-06-10,21.7,11.3,15.4,0.0,59.0,13.1,1004.2
2021-06-11,22.6,13.4,18.6,2.1,62.0,6.9,1011.5
2021-06-12,26.6,10.9,18.8,0.0,63.0,9.3,1015.3
2021-06-13,22.9,12.1,16.3,0.0,59.0,7.2,1011.3
2021-06-14,23.6,15.8,19.2,1.8,59.0,8.8,1011.6
2021-06-15,21.4,7.3,14.5,3.0,59.0,13.0,1006.9
2021-06-16,22.6,9.6,17.5,0.0,55.0,10.3,1015.8
2021-06-17,21.3,10.0,15.0,0.0,53.0,17.8,1009.8
2021-06-18,21.7,9.5,16.0,0.0,48.0,10.6,1002.2
2021-06-19,21.0,10.2,17.2,0.0,53.0,10.2,1011.1
2021-06-20,19.3,11.4,15.2,0.0,58.0,10.3,1017.9
2021-06-21,22.6,11.8,16.0,2.2,52.0,8.1,1011.1
2021-06-22,23.1,11.8,18.6,0.0,54.0,9.8,1021.7
2021-06-23,19.7,7.8,15.3,5.8,57.0,13.4,1015.1
2021-06-24,21.5,12.1,18.0,5.1,56.0,10.3,1014.7
2021-06-25,19.5,10.2,13.9,1.5,48.0,7.6,1012.4
2021-06-26,25.1,9.0,17.0,0.0,58.0,7.2,1012.7
2021-06-27,22.1,14.5,18.7,3.6,58.0,8.6,1011.7
2021-06-28,15.7,6.2,10.7,0.0,46.0,10.2,1011.5
2021-06-29,21.0,8.3,13.8,0.0,47.0,13.6,1015.7
2021-06-30,21.3,9.1,16.4,0.0,57.0,6.0,1008.3
2021-07-01,20.4,8.4,14.7,0.0,50.0,9.0,1007.6
2021-07-02,19.1,10.0,15.7,0.3,39.0,10.4,1007.4
2021-07-03,19.2,7.8,13.5,0.0,42.0,4.5,1023.2
2021-07-04,19.5,9.7,14.7,0.0,47.0,7.5,1015.7
2021-07-05,20.6,8.2,14.1,0.0,42.0,8.0,1014.5
2021-07-06,23.3,15.4,16.6,0.0,46.0,7.6,1007.7
2021-07-07,23.4,10.0,14.6,0.0,47.0,10.6,1016.1
2021-07-08,20.4,9.2,14.6,4.3,54.0,9.5,1012.4
2021-07-09,18.4,9.6,12.9,0.0,45.0,8.3,1014.1
2021-07-10,17.9,7.0,12.6,0.0,51.0,11.3,1008.1
2021-07-11,17.0,7.8,12.5,0.0,52.0,15.2,1013.8
2021-07-12,19.5,6.4,14.0,0.0,52.0,14.9,1010.9
2021-07-13,16.7,4.8,12.2,0.0,46.0,4.2,1009.2
2021-07-14,18.7,9.1,13.4,0.0,34.0,11.7,1016.7
2021-07-15,23.8,12.1,16.8,6.1,45.0,9.5,1005.3
2021-07-16,17.8,9.4,14.3,0.0,48.0,10.5,1015.8
2021-07-17,18.4,7.4,11.7,0.0,42.0,8.8,1016.4
2021-07-18,21.6,9.3,14.6,0.0,50.0,10.4,1008.6
2021-07-19,16.0,7.4,11.2,4.1,45.0,10.5,1008.9
2021-07-20,9.6,4.5,7.8,0.0,43.0,8.3,1011.9
2021-07-21,13.8,3.8,9.7,0.0,46.0,7.3,1014.4
2021-07-22,14.7,1.9,7.8,1.2,41.0,8.7,1012.2
2021-07-23,15.6,6.9,10.7,0.0,27.0,10.7,1015.2
2021-07-24,14.8,4.9,11.3,0.0,36.0,11.8,1021.8
2021-07-25,18.7,10.4,14.4,0.0,44.0,12.6,1010.5
2021-07-26,17.8,6.2,11.6,0.0,34.0,8.5,1004.4
2021-07-27,16.1,4.1,10.3,0.0,36.0,10.9,1017.1
2021-07-28,16.9,7.3,12.3,0.0,32.0,12.9,1021.4
2021-07-29,10.5,0.3,6.0,0.0,45.0,13.5,1015.0
2021-07-30,15.2,6.5,10.8,0.0,44.0,9.8,1007.6
2021-07-31,15.3,7.0,11.7,0.0,31.0,9.3,1012.4
2021-08-01,14.5,2.3,7.0,4.2,36.0,10.6,1007.4
2021-08-02,16.6,8.2,12.1,3.9,31.0,6.6,1016.2
2021-08-03,17.2,5.6,10.4,4.1,37.0,9.4,1006.2
2021-08-04,16.0,6.0,8.7,0.0,36.0,12.2,1011.5
2021-08-05,17.2,6.4,10.7,0.0,37.0,11.9,1008.0
2021-08-06,18.2,9.2,13.8,0.0,34.0,9.2,1013.6
2021-08-07,15.1,4.9,9.5,0.0,47.0,10.7,1011.2
2021-08-08,14.4,4.8,9.5,0.2,27.0,7.5,1013.9
2021-08-09,11.6,3.0,7.9,0.0,23.0,12.1,1013.1
2021-08-10,12.5,1.3,7.0,0.0,29.0,9.8,1008.1
2021-08-11,13.5,3.9,10.2,0.0,23.0,9.2,1016.1
2021-08-12,13.5,2.7,6.7,0.0,23.0,8.9,1012.8
2021-08-13,12.8,5.3,8.5,0.0,25.0,9.8,1008.1
2021-08-14,12.5,3.8,7.2,0.0,25.0,8.7,1024.2
2021-08-15,14.5,4.8,9.0,0.0,24.0,12.0,1015.4
2021-08-16,13.2,4.1,8.6,1.3,31.0,8.8,1012.2
2021-08-17,15.8,6.1,9.9,0.0,26.0,14.8,1020.1
2021-08-18,11.0,3.6,6.7,2.7,27.0,14.4,1022.2
2021-08-19,13.4,2.7,7.0,3.8,32.0,7.3,1012.3
2021-08-20,8.5,0.2,5.5,0.0,24.0,10.2,1014.7
2021-08-21,11.7,0.6,6.5,1.4,26.0,8.0,1008.1
2021-08-22,15.9,3.8,8.0,0.0,29.0,9.0,1012.3
2021-08-23,12.2,4.3,8.7,0.8,20.0,16.0,1012.0
2021-08-24,9.2,1.6,5.2,0.0,20.0,9.1,1013.9
2021-08-25,14.4,3.7,8.7,0.0,28.0,11.1,1014.7
2021-08-26,14.8,5.8,9.5,0.0,28.0,11.6,1015.8
2021-08-27,13.1,1.7,7.6,0.0,36.0,7.0,1014.2
2021-08-28,16.1,8.1,10.4,2.1,26.0,7.4,1006.9
2021-08-29,11.0,0.5,5.0,0.0,29.0,6.4,1008.3
2021-08-30,10.6,-1.5,4.0,0.0,23.0,7.3,1010.3
2021-08-31,8.4,-2.5,2.8,0.0,26.0,1.4,1011.6
2021-09-01,13.9,0.2,9.3,0.7,32.0,11.6,1018.3
2021-09-02,13.5,2.0,7.5,0.0,20.0,16.2,1007.2
2021-09-03,13.9,2.5,6.0,0.0,25.0,10.4,1011.2
2021-09-04,11.4,1.7,6.6,0.0,34.0,5.8,1017.8
2021-09-05,7.3,1.4,3.7,5.0,24.0,8.1,1011.5
2021-09-06,17.4,5.9,10.8,0.0,31.0,8.6,1015.3
2021-09-07,10.9,2.3,6.1,0.0,20.0,6.9,1012.3
2021-09-08,7.7,-0.4,6.0,0.0,22.0,12.6,1014.3
2021-09-09,13.4,3.0,7.1,1.3,22.0,12.4,1011.9
2021-09-10,10.8,1.8,6.6,0.0,20.0,6.5,1016.3
2021-09-11,10.9,2.0,6.0,0.0,20.0,12.2,1005.3
2021-09-12,9.4,-3.7,3.9,0.0,20.0,14.6,1011.2
2021-09-13,11.7,1.9,6.4,3.7,25.0,15.7,1014.5
2021-09-14,15.2,1.4,9.2,4.1,26.0,18.6,1015.7
2021-09-15,12.4,1.8,8.1,0.0,23.0,7.3,1020.5
2021-09-16,14.3,2.8,8.5,0.0,25.0,18.5,1011.0
2021-09-17,8.9,-1.3,4.3,0.0,20.0,8.9,1020.4
2021-09-18,9.4,-2.3,3.3,0.0,27.0,8.2,1009.7
2021-09-19,10.9,2.8,5.0,0.0,21.0,11.0,1019.6
2021-09-20,8.9,0.7,5.3,0.0,21.0,8.3,1017.1
2021-09-21,14.0,1.1,7.3,0.0,20.0,11.2,1008.4
2021-09-22,5.9,-3.2,1.7,3.0,24.0,6.0,1014.5
2021-09-23,14.4,5.3,8.1,0.0,20.0,9.3,1012.7
2021-09-24,10.3,-0.2,4.8,0.0,25.0,13.9,1016.1
2021-09-25,12.0,-3.4,4.2,0.0,20.0,9.8,1011.9
2021-09-26,7.7,-3.9,3.0,0.0,20.0,10.4,1011.5
2021-09-27,6.2,-3.2,1.7,0.0,23.0,11.4,1019.8
2021-09-28,11.6,0.2,6.7,0.0,20.0,13.5,1012.5
2021-09-29,9.7,0.7,5.2,0.0,20.0,5.0,1017.1
2021-09-30,8.6,-0.0,2.4,3.4,24.0,11.8,1011.9
2021-10-01,5.0,-1.2,2.4,3.1,20.0,9.2,1021.3
2021-10-02,7.8,-3.0,4.3,0.0,20.0,10.5,1009.6
2021-10-03,11.7,3.8,8.3,0.0,27.0,13.2,1009.9
2021-10-04,10.9,-0.1,4.5,0.0,28.0,6.4,1020.6
2021-10-05,9.6,-2.5,2.0,0.0,28.0,7.0,1010.8
2021-10-06,9.4,-3.3,4.5,0.0,20.0,4.2,1021.0
2021-10-07,9.3,-2.9,4.5,0.6,26.0,8.4,1017.5
2021-10-08,4.8,-8.6,-0.3,3.0,20.0,14.0,1012.2
2021-10-09,11.7,0.2,5.0,2.3,20.0,9.6,1003.9
2021-10-10,8.3,-0.8,4.7,0.0,20.0,6.0,1012.9
2021-10-11,11.9,3.8,6.5,3.4,29.0,8.5,1013.5
2021-10-12,15.3,1.7,8.9,1.3,20.0,5.5,1018.8
2021-10-13,13.2,4.2,7.5,0.0,20.0,6.6,1020.9
2021-10-14,10.0,-0.6,4.7,0.0,20.0,11.2,1009.6
2021-10-15,9.6,-0.3,3.1,4.7,24.0,6.5,1017.0
2021-10-16,11.4,6.4,10.5,0.0,20.0,13.3,1016.8
2021-10-17,11.5,1.8,5.5,0.0,20.0,9.8,1018.4
2021-10-18,9.5,1.4,5.5,0.0,24.0,10.3,1015.5
2021-10-19,7.7,1.2,5.4,0.0,20.0,9.2,1003.3
2021-10-20,11.7,1.8,5.9,0.0,20.0,12.3,1012.2
2021-10-21,12.4,-0.9,5.3,3.3,20.0,12.3,1007.2
2021-10-22,9.3,1.2,4.5,0.0,20.0,11.0,1012.0
2021-10-23,11.1,-0.7,4.6,0.0,23.0,11.7,1017.9
2021-10-24,13.1,-1.1,5.7,0.0,20.0,9.4,1014.5
2021-10-25,11.7,0.5,4.8,0.0,20.0,11.6,1018.7
2021-10-26,12.0,0.6,4.5,0.0,23.0,9.0,1014.7
2021-10-27,12.3,1.6,6.2,0.0,20.0,10.0,1006.5
2021-10-28,10.7,-1.2,5.6,0.0,33.0,9.2,1000.4
2021-10-29,11.8,3.9,9.2,0.0,33.0,8.6,1013.7
2021-10-30,5.6,-3.3,0.9,0.0,20.0,7.9,1011.9
2021-10-31,12.2,2.8,8.5,0.0,27.0,11.4,1008.1
2021-11-01,17.2,5.6,8.9,0.0,28.0,13.9,1004.5
2021-11-02,7.1,-3.7,2.4,0.0,22.0,13.5,1009.3
2021-11-03,11.1,0.3,5.9,5.9,20.0,6.2,1012.0
2021-11-04,11.8,1.4,5.9,0.0,25.0,13.9,1016.3
2021-11-05,9.0,0.2,4.0,0.0,24.0,9.0,1013.9
2021-11-06,12.9,1.7,5.3,0.0,23.0,11.8,1021.0
2021-11-07,8.8,-1.0,4.8,0.0,28.0,7.3,1007.8
2021-11-08,15.9,3.8,10.6,0.9,23.0,10.4,1017.4
2021-11-09,13.0,5.0,9.1,0.0,21.0,10.9,1013.2
2021-11-10,12.9,4.2,9.8,0.0,27.0,5.5,1016.5
2021-11-11,12.9,7.0,8.9,0.0,29.0,11.8,1010.8
2021-11-12,10.2,1.1,5.3,0.0,22.0,14.0,1018.4
2021-11-13,11.0,1.6,6.6,0.2,33.0,9.5,1014.5
2021-11-14,12.7,5.1,8.7,0.0,20.0,14.1,1009.6
2021-11-15,8.3,1.8,5.4,0.0,26.0,9.4,1012.9
2021-11-16,14.3,5.4,9.4,0.0,28.0,12.5,1011.8
2021-11-17,10.4,2.2,7.6,0.0,26.0,3.3,1015.4
2021-11-18,13.6,2.8,7.5,1.9,27.0,17.3,1007.1
2021-11-19,14.9,8.2,9.8,0.0,40.0,14.5,1012.9
2021-11-20,12.2,7.6,9.4,0.0,26.0,9.1,1015.0
2021-11-21,12.5,3.8,7.9,0.0,43.0,4.1,1013.2
2021-11-22,15.0,5.4,11.1,0.0,34.0,10.9,1019.7
2021-11-23,12.2,5.9,6.8,0.0,32.0,5.7,1016.9
2021-11-24,17.3,6.0,10.3,0.0,35.0,11.3,1013.0
2021-11-25,12.6,6.2,10.4,0.0,45.0,11.2,1014.1
2021-11-26,13.9,1.6,8.7,0.0,28.0,7.2,1014.5
2021-11-27,14.9,5.7,10.1,0.0,28.0,13.4,1015.0
2021-11-28,13.1,1.5,7.1,7.1,30.0,12.4,1003.9
2021-11-29,16.9,6.4,11.6,0.0,34.0,12.9,1011.5
2021-11-30,13.4,7.7,9.5,0.0,26.0,10.0,1005.6
2021-12-01,13.5,2.9,9.0,0.0,35.0,5.8,1019.4
2021-12-02,16.1,7.0,12.3,0.0,44.0,12.9,1012.7
2021-12-03,15.6,3.2,9.0,0.0,37.0,9.2,1012.0
2021-12-04,12.7,-3.2,7.7,0.6,35.0,5.8,1017.5
2021-12-05,15.4,5.7,7.6,0.0,34.0,14.1,1015.1
2021-12-06,16.9,4.5,12.0,0.0,42.0,16.3,1007.4
2021-12-07,12.4,3.9,8.4,0.0,34.0,9.9,1012.6
2021-12-08,17.4,9.2,14.7,0.0,48.0,16.5,1011.3
2021-12-09,9.4,2.2,7.1,0.0,49.0,10.3,1004.3
2021-12-10,17.5,10.5,14.9,6.0,41.0,8.9,1009.5
2021-12-11,17.4,7.9,12.0,0.0,40.0,8.1,1012.1
2021-12-12,17.4,6.1,11.6,0.0,46.0,14.9,1012.4
2021-12-13,13.5,8.1,10.9,0.0,46.0,7.7,1005.6
2021-12-14,19.3,6.8,12.9,0.0,37.0,12.2,1018.8
2021-12-15,16.5,7.8,12.2,0.0,39.0,8.3,1012.5
2021-12-16,19.9,11.3,14.7,0.0,36.0,8.6,1013.2
2021-12-17,20.3,8.5,12.8,0.0,45.0,13.1,1015.0
2021-12-18,19.4,6.2,13.1,0.0,47.0,8.9,1009.1
2021-12-19,16.8,8.0,12.2,0.0,37.0,8.8,1015.3
2021-12-20,16.7,7.5,13.0,0.0,42.0,13.4,1011.2
2021-12-21,15.7,10.0,13.9,0.0,38.0,14.8,1008.5
2021-12-22,14.0,3.9,10.0,0.0,41.0,11.9,1015.9
2021-12-23,15.6,4.9,10.9,0.0,49.0,8.0,1020.5
2021-12-24,18.8,7.5,15.3,0.0,43.0,8.5,1016.6
2021-12-25,19.1,9.6,14.3,0.0,45.0,10.2,1017.6
2021-12-26,18.9,7.8,13.8,2.5,39.0,11.0,1010.4
2021-12-27,19.0,9.2,14.3,0.0,49.0,7.0,1005.0
2021-12-28,19.2,8.2,15.2,0.0,48.0,12.2,1020.5
2021-12-29,18.8,9.7,13.6,0.0,45.0,10.3,1023.3
2021-12-30,18.9,7.2,13.3,0.0,49.0,4.9,1020.7
2021-12-31,18.8,10.7,15.4,0.0,51.0,7.2,1011.3
2022-01-01,20.3,8.3,13.2,0.0,46.0,8.5,1007.2
2022-01-02,21.0,11.0,16.2,0.0,44.0,9.8,1007.7
2022-01-03,17.1,6.7,12.1,0.0,61.0,15.7,1004.6
2022-01-04,23.8,12.9,17.7,0.0,49.0,10.7,1012.5
2022-01-05,22.2,11.5,16.8,1.2,52.0,7.5,1021.0
2022-01-06,23.0,9.2,16.5,0.0,58.0,10.7,1012.3
2022-01-07,23.6,11.7,18.2,0.0,71.0,8.9,1014.5
2022-01-08,23.8,13.4,19.7,0.0,48.0,11.0,1019.9
2022-01-09,24.1,14.3,18.6,0.0,57.0,11.7,1011.0
2022-01-10,16.3,9.4,13.0,0.0,52.0,13.6,1023.2
2022-01-11,19.5,7.9,14.3,0.0,53.0,9.9,1023.0
2022-01-12,20.8,9.5,15.8,0.0,53.0,14.9,1012.3
2022-01-13,22.0,10.1,17.3,0.0,51.0,12.7,1010.1
2022-01-14,23.2,14.3,18.4,10.8,57.0,7.9,1016.5
2022-01-15,18.3,11.4,16.1,2.9,50.0,16.6,1011.3
2022-01-16,22.3,15.6,18.1,0.0,63.0,11.0,1007.2
2022-01-17,21.5,12.0,16.4,0.0,59.0,7.5,1019.4
2022-01-18,22.1,10.3,16.8,0.0,61.0,15.0,1019.1
2022-01-19,18.9,11.1,15.4,0.0,57.0,16.2,1013.8
2022-01-20,23.4,10.6,16.5,0.0,58.0,9.9,1006.7
2022-01-21,19.5,11.1,15.8,0.0,62.0,8.5,1006.9
2022-01-22,23.2,11.3,16.7,3.5,55.0,9.5,1013.5
2022-01-23,26.6,17.7,21.0,0.0,60.0,12.1,1010.5
2022-01-24,21.1,12.0,17.1,0.0,58.0,13.8,1011.3
2022-01-25,32.1,23.9,24.4,0.0,58.0,11.7,1018.1
2022-01-26,23.5,15.6,20.3,1.9,52.0,10.3,1016.7
2022-01-27,26.2,17.3,19.9,0.0,70.0,14.5,1019.9
2022-01-28,24.4,11.1,17.9,0.0,60.0,9.1,1008.0
2022-01-29,25.2,15.0,21.2,0.0,70.0,13.1,1011.3
2022-01-30,25.9,13.1,18.8,1.0,70.0,9.1,1016.8
2022-01-31,25.0,13.0,20.3,0.0,59.0,11.3,1015.2
2022-02-01,30.8,21.8,25.4,2.2,60.0,9.7,1020.7
2022-02-02,25.6,12.6,20.2,0.0,79.0,9.8,1015.1
2022-02-03,27.6,16.4,22.8,0.0,75.0,8.9,1022.2
2022-02-04,25.5,14.6,19.3,0.0,67.0,14.0,1015.7
2022-02-05,26.9,14.0,20.7,0.0,69.0,7.8,1018.3
2022-02-06,26.9,21.1,24.5,0.0,65.0,7.8,1011.4
2022-02-07,26.8,16.1,19.8,0.8,70.0,16.4,1013.1
2022-02-08,27.4,20.8,24.8,0.0,65.0,12.9,1017.6
2022-02-09,29.3,18.6,22.8,0.0,59.0,2.8,1021.1
2022-02-10,27.1,16.9,20.4,0.0,63.0,8.3,1016.6
2022-02-11,26.2,16.0,22.9,0.0,70.0,4.6,1012.6
2022-02-12,28.1,19.1,23.7,0.0,65.0,7.1,1019.9
2022-02-13,26.5,17.6,23.1,0.0,70.0,0.6,1002.0
2022-02-14,23.5,14.7,18.9,0.0,66.0,9.6,1005.9
2022-02-15,25.2,18.4,20.7,0.0,67.0,6.6,1016.4
2022-02-16,27.9,16.3,21.7,2.3,76.0,10.2,1013.1
2022-02-17,29.2,20.1,22.2,0.0,73.0,5.1,1016.0
2022-02-18,30.8,18.8,23.7,5.9,72.0,10.2,1013.3
2022-02-19,27.1,20.0,22.9,0.0,77.0,8.8,1015.9
2022-02-20,24.7,12.0,20.0,0.0,75.0,14.5,1008.9
2022-02-21,26.0,17.2,23.6,0.0,81.0,14.2,1015.9
2022-02-22,27.9,19.0,24.1,0.0,71.0,12.4,1018.0
2022-02-23,30.6,17.2,24.1,2.8,72.0,9.0,1019.1
2022-02-24,32.7,21.5,25.3,0.0,68.0,16.0,1023.1
2022-02-25,28.0,19.1,24.9,0.0,72.0,5.3,1014.2
2022-02-26,28.3,18.9,24.2,2.2,80.0,5.8,1014.4
2022-02-27,28.2,17.9,23.3,0.0,82.0,9.7,1005.4
2022-02-28,25.6,13.3,20.2,0.0,80.0,16.8,1010.3
2022-03-01,28.2,18.3,24.4,0.0,67.0,9.4,1012.0
2022-03-02,29.7,18.7,24.1,2.4,81.0,9.5,1018.3
2022-03-03,28.6,21.8,24.3,0.0,67.0,5.7,1009.9
2022-03-04,26.3,17.7,21.3,0.0,81.0,12.8,1017.0
2022-03-05,27.6,16.9,21.8,0.0,75.0,12.9,1013.0
2022-03-06,31.1,21.0,26.1,1.8,81.0,12.4,1012.1
2022-03-07,28.3,20.7,24.0,0.0,71.0,8.1,1014.2
2022-03-08,30.3,16.9,25.5,0.0,83.0,7.9,1011.0
2022-03-09,29.1,17.0,24.3,0.0,70.0,6.1,1010.9
2022-03-10,28.8,18.4,24.3,1.6,74.0,10.3,1004.5
2022-03-11,30.8,21.1,26.2,1.4,73.0,6.8,1011.8
2022-03-12,30.8,18.7,23.4,3.0,69.0,6.5,1010.6
2022-03-13,30.5,21.1,24.6,0.0,79.0,8.7,1010.4
2022-03-14,28.1,18.5,23.6,0.0,88.0,8.5,1015.1
2022-03-15,29.7,18.3,23.7,0.0,92.0,8.4,1016.3
2022-03-16,28.5,20.9,24.0,3.3,79.0,11.4,1014.2
2022-03-17,31.9,19.6,25.1,0.0,85.0,10.2,1018.0
2022-03-18,29.3,19.0,23.7,0.0,80.0,9.1,1015.9
2022-03-19,32.1,25.1,27.3,5.3,82.0,10.5,1011.5
2022-03-20,28.7,19.3,23.0,0.0,78.0,7.0,1010.7
2022-03-21,27.1,20.1,24.4,0.0,80.0,10.3,1014.6
2022-03-22,27.3,16.1,24.0,0.0,82.0,10.5,1015.9
2022-03-23,31.0,21.9,27.8,0.0,77.0,5.5,1020.0
2022-03-24,30.5,22.3,25.3,6.0,79.0,13.0,1019.0
2022-03-25,34.6,21.3,27.0,0.0,79.0,7.4,1010.3
2022-03-26,30.3,19.3,22.0,0.0,84.0,10.3,1012.5
2022-03-27,31.5,18.9,25.5,0.0,75.0,13.5,1016.4
2022-03-28,32.5,22.5,26.8,0.0,80.0,12.8,1018.3
2022-03-29,27.4,20.3,25.1,0.0,90.0,10.1,1017.7
2022-03-30,31.3,20.1,27.1,0.0,86.0,8.9,1012.7
2022-03-31,27.8,20.9,24.0,0.0,87.0,12.8,1006.7
2022-04-01,31.9,24.9,27.8,0.0,80.0,12.0,1008.0
2022-04-02,34.3,25.5,29.6,0.0,82.0,8.1,1014.4
2022-04-03,28.6,17.7,24.3,0.0,85.0,7.6,1014.7
2022-04-04,26.1,21.4,24.1,3.6,88.0,3.8,1007.5
2022-04-05,34.0,27.1,27.9,2.2,70.0,10.5,1013.2
2022-04-06,31.5,23.8,28.1,1.8,73.0,9.8,1016.2
2022-04-07,29.3,18.1,23.9,0.0,86.0,13.4,1007.2
2022-04-08,32.2,17.3,24.1,0.0,78.0,11.1,1018.5
2022-04-09,28.0,20.0,24.3,0.0,76.0,14.0,1011.1
2022-04-10,23.4,17.8,22.2,0.0,73.0,7.9,1019.3
2022-04-11,27.6,16.3,23.0,0.0,77.0,13.4,1010.3
2022-04-12,29.5,20.6,22.8,0.0,72.0,8.4,1007.9
2022-04-13,31.2,18.8,23.3,1.8,90.0,12.3,1010.7
2022-04-14,27.8,19.4,24.7,0.0,79.0,5.6,1012.5
2022-04-15,30.9,19.5,25.2,0.0,79.0,10.7,1011.1
2022-04-16,32.1,23.5,27.8,0.9,82.0,4.0,1011.9
2022-04-17,27.5,17.6,22.6,0.0,84.0,9.2,1014.7
2022-04-18,35.5,25.3,26.6,2.2,83.0,11.3,1012.1
2022-04-19,26.9,20.1,24.1,2.9,84.0,8.4,1012.7
2022-04-20,29.8,18.7,24.4,5.0,75.0,6.8,1004.5
2022-04-21,31.5,22.3,25.8,0.0,77.0,12.5,1015.0
2022-04-22,28.8,17.0,22.1,0.0,82.0,9.7,1012.6
2022-04-23,30.2,19.4,25.1,0.0,75.0,8.5,1021.1
2022-04-24,30.0,20.1,24.6,0.0,78.0,10.1,1008.3
2022-04-25,29.6,19.9,25.2,0.0,80.0,17.9,1004.0
2022-04-26,30.1,21.1,24.7,0.0,81.0,13.5,1016.1
2022-04-27,33.4,24.3,28.9,0.0,68.0,13.5,1014.7
2022-04-28,28.6,16.8,22.7,0.0,80.0,11.3,1008.0
2022-04-29,27.3,17.6,22.8,4.1,75.0,10.5,1005.4
2022-04-30,28.1,18.4,22.6,2.0,80.0,2.8,1020.7
2022-05-01,27.6,17.3,22.6,0.0,80.0,8.0,1020.1
2022-05-02,29.0,16.3,22.4,0.0,84.0,8.6,1000.6
2022-05-03,30.8,24.0,25.9,1.3,82.0,4.4,1010.7
2022-05-04,28.6,19.6,26.3,0.0,82.0,6.5,1021.3
2022-05-05,29.1,17.7,22.2,3.7,82.0,4.1,1010.6
2022-05-06,25.2,16.0,21.6,2.7,76.0,9.9,1010.5
2022-05-07,28.1,17.3,24.1,0.0,75.0,12.5,1011.6
2022-05-08,26.1,19.0,22.0,5.0,79.0,13.3,1007.4
2022-05-09,31.3,20.3,24.2,0.0,78.0,11.2,1004.5
2022-05-10,25.1,18.7,23.3,0.0,72.0,7.1,1018.3
2022-05-11,29.4,15.9,19.7,0.0,75.0,4.2,1003.8
2022-05-12,32.3,18.1,25.7,0.0,73.0,4.7,1014.2
2022-05-13,31.5,22.4,26.1,1.4,68.0,6.2,1017.4
2022-05-14,26.1,17.0,21.2,0.0,79.0,7.3,1005.7
2022-05-15,26.9,16.2,21.5,0.0,72.0,9.5,1008.4
2022-05-16,28.5,19.6,22.7,0.0,82.0,7.0,1019.1
2022-05-17,28.7,18.3,22.7,0.8,63.0,11.0,1015.7
2022-05-18,29.1,17.8,23.2,1.1,68.0,9.3,1009.9
2022-05-19,31.0,21.3,25.8,5.1,71.0,10.0,1019.0
2022-05-20,26.0,16.5,21.3,0.0,76.0,13.4,1019.0
2022-05-21,24.7,15.7,20.0,0.0,72.0,6.5,1014.3
2022-05-22,23.4,15.9,18.7,0.0,71.0,11.3,1008.5
2022-05-23,26.5,14.3,19.8,0.0,63.0,10.0,1010.9
2022-05-24,27.0,13.5,21.1,0.0,63.0,9.0,1014.4
2022-05-25,25.2,19.6,24.6,0.0,70.0,12.7,1012.1
2022-05-26,25.8,14.5,19.8,0.0,61.0,12.6,1017.7
2022-05-27,26.5,15.1,21.2,0.6,65.0,7.2,1005.4
2022-05-28,25.5,17.5,20.6,0.0,69.0,9.5,1005.5
2022-05-29,27.2,15.3,22.8,0.0,61.0,10.8,1013.9
2022-05-30,32.0,20.1,25.4,0.0,74.0,9.2,1010.5
2022-05-31,25.5,11.7,19.1,3.9,72.0,11.8,1009.9
2022-06-01,22.9,15.1,19.0,0.7,57.0,10.8,1004.2
2022-06-02,27.6,14.2,22.0,1.6,60.0,15.5,1013.1
2022-06-03,24.6,14.9,21.1,0.0,53.0,5.4,1012.7
2022-06-04,26.2,17.4,23.3,0.6,60.0,9.6,1016.3
2022-06-05,24.6,15.2,20.6,0.0,67.0,7.3,1013.3
2022-06-06,24.8,13.9,18.5,0.0,61.0,11.8,1012.3
2022-06-07,26.7,13.5,20.3,0.5,65.0,5.1,1018.9
2022-06-08,26.9,15.9,21.2,0.0,54.0,11.0,1006.4
2022-06-09,26.5,18.4,20.4,0.0,65.0,8.1,1015.7
2022-06-10,25.4,16.3,19.6,0.0,58.0,7.8,1004.6
2022-06-11,24.6,15.9,20.6,0.0,60.0,5.7,1008.8
2022-06-12,26.3,15.2,20.6,3.1,59.0,8.6,1006.9
2022-06-13,27.1,16.0,20.9,0.0,53.0,13.3,1016.9
2022-06-14,25.4,12.4,19.3,0.0,53.0,9.9,1012.7
2022-06-15,24.3,15.4,17.5,0.0,63.0,11.9,1012.9
2022-06-16,24.0,12.7,17.9,0.0,60.0,15.0,1007.5
2022-06-17,25.4,17.6,19.9,0.0,63.0,10.8,1011.5
2022-06-18,22.3,9.5,15.7,0.0,59.0,8.3,1009.2
2022-06-19,22.8,13.0,17.9,0.0,57.0,11.4,1014.9
2022-06-20,19.9,10.6,16.2,0.0,47.0,8.4,1008.0
2022-06-21,21.6,13.2,16.9,6.1,54.0,8.5,1019.6
2022-06-22,23.1,12.3,19.2,0.0,55.0,5.4,1004.6
2022-06-23,20.8,10.3,16.8,0.0,64.0,12.8,1009.0
2022-06-24,21.2,10.5,16.4,0.0,57.0,8.8,1021.4
2022-06-25,17.2,8.6,13.4,0.0,61.0,10.5,1010.8
2022-06-26,22.0,11.6,17.4,1.1,56.0,6.9,1006.4
2022-06-27,19.2,13.1,17.1,0.5,49.0,11.3,1014.1
2022-06-28,25.2,13.6,19.9,0.0,52.0,7.7,1010.6
2022-06-29,19.8,7.3,14.8,6.2,52.0,9.6,1008.8
2022-06-30,19.5,9.1,15.7,0.0,46.0,12.6,1007.5
2022-07-01,21.6,11.7,15.6,0.0,48.0,12.4,1026.8
2022-07-02,24.5,12.5,18.1,0.0,49.0,9.9,1011.7
2022-07-03,17.1,11.5,14.6,0.0,57.0,4.7,1003.4
2022-07-04,19.0,9.3,15.1,0.0,38.0,19.0,1020.5
2022-07-05,19.5,9.9,15.6,3.1,54.0,15.2,1016.1
2022-07-06,18.2,12.4,14.6,0.0,43.0,12.2,1009.2
2022-07-07,19.4,9.9,13.2,1.9,40.0,7.7,1008.3
2022-07-08,19.0,9.7,14.3,1.8,53.0,9.7,1016.4
2022-07-09,20.5,11.3,15.9,0.0,50.0,8.4,1011.8
2022-07-10,13.5,8.3,11.5,0.0,52.0,13.8,1003.4
2022-07-11,19.6,8.1,13.6,0.0,49.0,10.8,1021.9
2022-07-12,14.9,6.4,11.8,6.8,55.0,7.6,1010.8
2022-07-13,20.5,10.7,15.4,0.0,47.0,8.6,1020.5
2022-07-14,15.2,6.0,9.8,0.0,43.0,13.4,1019.4
2022-07-15,18.6,5.0,11.6,0.0,45.0,14.8,1008.0
2022-07-16,16.3,5.8,13.3,0.0,49.0,14.6,1018.2
2022-07-17,16.0,11.2,15.5,0.0,38.0,12.3,1009.7
2022-07-18,17.3,8.0,12.1,0.0,38.0,9.2,1003.7
2022-07-19,18.6,5.2,10.9,0.0,40.0,0.3,1010.9
2022-07-20,22.5,11.2,15.6,0.0,30.0,10.9,1015.0
2022-07-21,14.1,4.0,8.8,0.0,41.0,10.0,1010.7
2022-07-22,11.4,1.0,7.1,0.0,30.0,10.4,1011.5
2022-07-23,18.5,10.1,12.3,0.0,39.0,10.2,1018.7
2022-07-24,13.8,3.2,10.2,0.0,43.0,6.0,1013.5
2022-07-25,14.7,3.9,9.0,0.0,36.0,11.7,1008.8
2022-07-26,18.1,7.9,12.3,0.0,46.0,11.9,1016.5
2022-07-27,17.8,6.4,11.2,0.0,30.0,12.0,1014.0
2022-07-28,18.6,4.5,9.5,0.0,43.0,12.8,1000.4
2022-07-29,13.5,5.5,7.9,0.0,40.0,11.8,1015.1
2022-07-30,16.3,4.8,12.0,0.0,27.0,8.8,1015.0
2022-07-31,16.4,6.4,11.4,0.0,49.0,9.8,1013.1
2022-08-01,12.1,4.1,9.8,1.4,35.0,10.3,1017.5
2022-08-02,17.5,7.1,13.5,10.1,30.0,10.3,1009.6
2022-08-03,11.9,4.1,7.6,2.2,27.0,13.0,1014.7
2022-08-04,10.7,0.8,6.5,1.1,33.0,11.9,1005.2
2022-08-05,13.2,3.4,8.0,0.0,33.0,16.2,1015.0
2022-08-06,12.9,2.9,9.2,0.0,33.0,16.6,1022.8
2022-08-07,16.3,7.8,9.6,0.0,31.0,10.2,1008.0
2022-08-08,13.5,3.6,8.5,0.0,35.0,0.0,1009.2
2022-08-09,14.5,5.5,9.6,0.0,30.0,13.7,1009.4
2022-08-10,10.7,0.6,6.2,3.7,21.0,8.4,1013.6
2022-08-11,16.7,5.8,11.5,0.0,30.0,7.6,1007.7
2022-08-12,14.5,4.3,8.3,0.0,20.0,8.8,1015.1
2022-08-13,14.3,6.6,10.6,0.0,32.0,8.7,1017.2
2022-08-14,12.9,4.0,8.9,0.0,25.0,11.8,1015.7
2022-08-15,13.5,5.3,9.0,0.0,30.0,5.3,1004.2
2022-08-16,12.1,2.8,9.1,0.3,35.0,6.8,1018.0
2022-08-17,12.5,4.3,8.7,0.0,24.0,11.0,1017.7
2022-08-18,13.3,8.4,9.0,5.5,33.0,11.9,1017.2
2022-08-19,16.6,5.8,10.2,0.0,26.0,11.9,1014.9
2022-08-20,13.3,4.4,7.9,2.3,36.0,7.6,1014.1
2022-08-21,14.1,6.2,8.8,0.0,25.0,7.1,1018.2
2022-08-22,13.3,3.9,7.1,0.0,23.0,8.5,1022.6
2022-08-23,14.8,4.9,10.0,0.0,30.0,10.7,1008.2
2022-08-24,11.3,-1.3,5.7,0.7,24.0,14.5,1018.4
2022-08-25,15.4,5.1,10.5,2.0,22.0,3.9,1012.6
2022-08-26,12.2,2.7,6.8,0.0,23.0,9.3,1012.4
2022-08-27,8.0,-1.8,3.9,0.0,25.0,6.0,1005.3
2022-08-28,8.2,2.6,6.9,0.5,32.0,5.0,1011.6
2022-08-29,10.0,1.2,5.2,0.0,20.0,12.9,1008.0
2022-08-30,15.3,4.9,8.1,0.0,24.0,11.6,1010.7
2022-08-31,11.5,2.7,5.1,0.0,27.0,11.3,1007.5
2022-09-01,11.8,1.0,5.4,0.0,25.0,12.8,1010.8
2022-09-02,9.3,-2.8,2.4,3.9,30.0,8.6,1011.0
2022-09-03,10.3,0.4,5.2,2.4,23.0,8.7,1013.5
2022-09-04,6.5,-3.2,1.2,0.0,22.0,16.6,1004.9
2022-09-05,6.9,-0.8,2.8,0.0,26.0,9.3,1005.8
2022-09-06,11.9,1.5,7.4,2.6,23.0,12.2,1014.8
2022-09-07,13.3,4.4,7.4,0.0,21.0,10.0,1009.0
2022-09-08,13.4,0.4,6.6,11.8,25.0,4.5,1018.4
2022-09-09,8.5,0.3,3.8,0.0,20.0,3.9,1014.1
2022-09-10,9.9,1.7,5.5,0.0,20.0,8.3,1016.0
2022-09-11,10.6,2.8,5.6,1.1,20.0,13.2,1020.1
2022-09-12,9.1,-1.0,3.2,0.0,28.0,12.4,1011.5
2022-09-13,11.3,2.0,8.5,0.0,20.0,12.7,1010.1
2022-09-14,8.7,1.4,7.2,0.0,23.0,7.0,1017.4
2022-09-15,9.1,-1.5,4.9,0.0,21.0,14.8,1015.5
2022-09-16,8.5,-0.4,5.4,0.0,20.0,7.1,1012.1
2022-09-17,9.9,2.4,5.7,2.5,22.0,10.6,1020.0
2022-09-18,5.9,-3.3,1.2,5.3,23.0,10.0,1011.9
2022-09-19,9.0,0.9,4.7,0.0,24.0,9.5,1013.2
2022-09-20,11.0,-3.2,3.8,0.0,20.0,14.0,1013.1
2022-09-21,8.6,-0.1,3.1,0.0,27.0,7.9,1008.3
2022-09-22,10.0,-1.8,4.6,0.0,20.0,6.0,1013.4
2022-09-23,14.6,2.3,8.7,0.0,24.0,10.1,1020.0
2022-09-24,9.6,-1.4,6.3,2.2,24.0,8.8,1015.2
2022-09-25,10.5,-0.5,3.9,0.0,20.0,20.1,1013.2
2022-09-26,11.1,0.1,6.2,8.1,23.0,12.0,1012.2
2022-09-27,13.8,-0.6,7.8,0.0,20.0,8.8,1014.7
2022-09-28,10.3,2.8,6.9,0.0,20.0,6.8,1016.7
2022-09-29,7.8,2.4,5.1,0.0,26.0,4.4,1016.0
2022-09-30,9.9,1.5,3.7,0.0,20.0,6.9,1011.3
2022-10-01,12.0,0.3,6.4,0.0,20.0,10.3,1014.6
2022-10-02,9.4,3.6,5.8,2.3,20.0,14.3,1015.4
2022-10-03,10.5,2.4,6.8,0.0,21.0,13.4,1008.0
2022-10-04,13.0,0.6,6.3,2.6,20.0,10.7,1013.8
2022-10-05,10.3,1.8,7.1,0.0,23.0,9.0,1002.2
2022-10-06,11.4,-1.7,4.0,3.5,20.0,10.8,1015.4
2022-10-07,11.3,2.4,7.7,0.0,20.0,8.4,1016.3
2022-10-08,11.4,-1.4,5.5,4.3,20.0,15.2,1016.7
2022-10-09,13.8,5.7,9.3,0.0,30.0,9.4,1011.0
2022-10-10,9.7,-0.2,3.7,1.2,20.0,9.7,1014.5
2022-10-11,12.8,4.8,8.6,5.4,26.0,3.4,1020.1
2022-10-12,10.3,-0.7,5.6,0.0,21.0,9.4,1020.1
2022-10-13,9.0,-2.4,3.9,0.0,20.0,12.5,1012.9
2022-10-14,7.8,-1.4,4.3,0.0,20.0,6.8,1013.7
2022-10-15,10.8,-2.1,4.7,11.5,20.0,7.7,1018.6
2022-10-16,10.4,3.0,6.2,0.0,24.0,12.4,1005.5
2022-10-17,11.1,-1.1,6.4,0.0,28.0,5.6,1011.4
2022-10-18,7.8,-3.0,4.3,0.0,23.0,13.2,1019.7
2022-10-19,6.6,-0.7,5.4,0.0,27.0,8.4,1017.9
2022-10-20,14.5,2.2,9.8,0.6,20.0,8.8,1014.8
2022-10-21,17.7,6.5,9.1,0.0,20.0,6.6,1005.5
2022-10-22,12.7,2.3,6.5,0.0,20.0,11.1,1012.8
2022-10-23,10.8,1.9,5.8,1.4,24.0,17.4,1010.1
2022-10-24,10.6,-0.1,6.0,0.0,21.0,12.3,1014.7
2022-10-25,12.1,3.7,7.1,0.0,26.0,7.4,1009.0
2022-10-26,9.7,-2.3,3.9,0.0,20.0,13.4,1007.9
2022-10-27,8.7,-1.6,5.5,0.0,23.0,9.0,1002.7
2022-10-28,9.4,-3.3,2.7,0.0,27.0,14.1,1019.1
2022-10-29,13.0,1.5,7.0,0.5,20.0,12.4,1011.0
2022-10-30,13.6,4.0,7.5,0.0,34.0,1.2,1013.8
2022-10-31,11.0,1.6,5.4,0.0,23.0,7.0,1013.0
2022-11-01,14.6,2.7,9.6,0.0,20.0,12.8,1007.7
2022-11-02,10.1,-2.1,4.1,0.0,25.0,10.5,1006.7
2022-11-03,9.6,-1.3,3.7,1.6,25.0,6.9,1008.0
2022-11-04,11.6,2.8,7.1,0.0,25.0,8.1,1009.4
2022-11-05,13.0,6.9,8.9,0.0,30.0,4.3,1014.8
2022-11-06,15.4,6.9,10.3,0.0,29.0,9.7,1009.0
2022-11-07,13.4,-1.8,6.1,0.0,27.0,16.6,1021.7
2022-11-08,12.4,6.2,9.2,0.0,29.0,12.4,1018.1
2022-11-09,9.9,1.8,7.1,0.0,26.0,16.6,1017.0
2022-11-10,12.2,0.4,7.0,0.0,36.0,12.6,1012.4
2022-11-11,14.3,6.1,9.2,2.7,20.0,13.1,1020.6
2022-11-12,14.1,3.6,8.8,0.0,28.0,15.9,1011.9
2022-11-13,9.9,-1.9,4.5,5.8,28.0,11.1,1012.8
2022-11-14,15.4,5.7,10.7,1.4,32.0,9.4,1013.8
2022-11-15,17.9,1.3,10.6,0.0,24.0,13.1,1016.5
2022-11-16,9.4,4.3,6.8,0.0,20.0,14.4,1016.2
2022-11-17,12.7,2.3,8.9,0.0,30.0,8.6,1010.6
2022-11-18,14.1,4.5,9.2,0.0,31.0,7.8,1010.3
2022-11-19,11.4,2.7,8.9,3.0,38.0,10.4,1016.2
2022-11-20,12.1,1.8,7.4,0.0,24.0,12.5,1016.6
2022-11-21,14.8,3.4,7.3,0.0,37.0,12.4,1011.0
2022-11-22,13.8,3.4,8.7,0.0,43.0,5.7,1005.1
2022-11-23,16.6,9.0,11.3,0.0,30.0,15.7,1012.0
2022-11-24,13.2,4.2,10.1,0.0,26.0,8.1,1016.1
2022-11-25,12.5,3.0,8.5,5.1,31.0,9.2,1022.0
2022-11-26,15.3,4.9,10.9,0.0,33.0,7.3,1007.0
2022-11-27,8.3,-2.8,3.8,1.8,36.0,18.1,1010.9
2022-11-28,18.8,6.4,11.9,0.0,31.0,10.7,1011.1
2022-11-29,12.1,1.1,6.3,0.0,42.0,7.4,1019.8
2022-11-30,12.5,5.5,9.2,0.0,29.0,12.6,1012.8
2022-12-01,13.2,3.9,7.8,0.0,26.0,12.3,1008.5
2022-12-02,13.4,0.8,7.6,0.0,41.0,9.4,1015.8
2022-12-03,19.4,5.5,12.7,2.3,25.0,12.5,1011.0
2022-12-04,17.0,4.9,9.6,4.6,36.0,7.5,1006.9
2022-12-05,14.8,6.3,11.4,0.0,53.0,8.5,1008.5
2022-12-06,14.5,7.1,10.7,0.0,37.0,4.0,1021.7
2022-12-07,15.1,5.2,11.9,0.0,32.0,6.0,1014.9
2022-12-08,15.9,5.3,11.3,1.0,38.0,15.4,1013.5
2022-12-09,14.4,0.8,8.7,0.0,39.0,14.9,1011.8
2022-12-10,19.9,9.8,13.5,0.3,40.0,10.2,1014.5
2022-12-11,15.5,6.2,10.6,0.0,43.0,15.0,1014.4
2022-12-12,13.2,3.3,8.7,0.0,35.0,9.5,1014.5
2022-12-13,16.3,5.1,11.1,3.4,49.0,9.3,1013.6
2022-12-14,18.9,10.4,15.1,0.0,43.0,10.2,1017.3
2022-12-15,22.1,10.3,14.0,0.0,45.0,9.6,1013.1
2022-12-16,14.3,5.4,11.7,0.0,39.0,9.4,1008.1
2022-12-17,17.2,5.8,11.9,0.0,49.0,13.4,1009.9
2022-12-18,20.2,8.5,12.1,0.0,42.0,10.5,1003.1
2022-12-19,22.1,10.1,17.1,0.0,45.0,12.1,1023.1
2022-12-20,18.6,7.1,13.9,0.4,40.0,13.1,1017.3
2022-12-21,18.6,8.9,14.1,0.0,40.0,11.2,1008.8
2022-12-22,20.2,10.4,15.5,1.2,49.0,7.1,1011.6
2022-12-23,21.2,8.3,14.1,0.0,44.0,5.9,1009.8
2022-12-24,15.0,9.6,13.3,0.0,42.0,10.4,1020.7
2022-12-25,20.9,8.5,13.6,0.0,44.0,9.5,1005.9
2022-12-26,16.9,12.2,14.0,0.0,51.0,10.3,1013.6
2022-12-27,18.8,7.9,14.2,0.0,45.0,10.0,1012.5
2022-12-28,20.3,13.3,15.9,0.4,48.0,17.8,1017.1
2022-12-29,20.6,7.5,14.8,0.0,49.0,6.0,1012.5
2022-12-30,18.9,11.8,16.3,0.0,40.0,4.0,1004.2
2022-12-31,20.5,10.2,14.8,0.0,43.0,11.0,1011.7
